<?xml version="1.0" encoding="UTF-8"?>
<configuration debug="false">
    <appender name="console" class="ch.qos.logback.core.ConsoleAppender">
    　　 <encoder>
    　　　　　<pattern>%d{yyyy-MM-dd HH:mm:ss.SSS} [%thread] %-5level %logger{50} - %msg%n</pattern>
    　　 </encoder>
    </appender>
    <appender name="logfile" class="ch.qos.logback.core.rolling.RollingFileAppender">
　　　 　 <rollingPolicy class="ch.qos.logback.core.rolling.TimeBasedRollingPolicy">
　　　　　　　　<fileNamePattern>logFile.%d{yyyy-MM-dd}.log</fileNamePattern>
　　　　　　　　<maxHistory>3</maxHistory>
　　　　　</rollingPolicy>
　　　　　<encoder>
           <!--格式化输出：%d表示日期，%thread表示线程名，%-5level：级别从左显示5个字符宽度%msg：日志消息，%n是换行符-->
　　　　　　　<pattern>%d{yyyy-MM-dd HH:mm:ss.SSS} [%thread] %-5level %logger{50} - %msg%n</pattern>
　　　　　</encoder>
　　　</appender>
　　　<root level="debug">
　　　　　　<appender-ref ref="console" />
    　　　 <appender-ref ref="logfile" />
　　　</root>
</configuration>