<?xml version="1.0" encoding="UTF-8"?>
<beans xmlns="http://www.springframework.org/schema/beans"
       xmlns:xsi="http://www.w3.org/2001/XMLSchema-instance"
       xmlns:context="http://www.springframework.org/schema/context"
       xsi:schemaLocation="http://www.springframework.org/schema/beans
       http://www.springframework.org/schema/beans/spring-beans.xsd
       http://www.springframework.org/schema/context
       http://www.springframework.org/schema/context/spring-context.xsd">

    <!-- jcq client工厂 -->
    <bean id="jcqClientFactory" class="com.jcloud.jcq.sdk.JCQClientFactory" factory-method="getInstance" />

    <!-- 用户身份信息 -->
    <bean id="userCredential" class="com.jcloud.jcq.sdk.auth.UserCredential">
        <!-- 用户accessKey -->
        <constructor-arg value="替换成用户实际AccessKey" />
        <!-- 用户secretKey -->
        <constructor-arg value="替换成用户实际SecretKey" />
    </bean>

    <!-- 消费者配置 -->
    <bean id="consumerConfig" class="com.jcloud.jcq.sdk.consumer.ConsumerConfig">
        <!-- 消费组id -->
        <property name="consumerGroupId" value="替换成订阅组的consumeGroupId" />
        <!-- 元数据服务器地址 -->
        <property name="metaServerAddress" value="替换成topic的sdk接入点地址" />
        <!-- 启用消息轨迹, 默认关闭 。消息轨迹是异步发送的，强制关掉进程，可能会有轨迹丢失-->
        <property name="enableMessageTrace" value="true"/>
        <!-- 从哪里开始消费？ConsumeFromWhere.HEAD，ConsumeFromWhere.TAIL，默认值是HEAD。这个参数仅在第一次消费是起作用 -->
        <property name="defaultConsumePosition" value="HEAD"/>
        <!-- JCQ是异步消费逻辑，推给客户端的消息。会交由消费线程池处理，这里指消费线程池的大小，默认值是4 -->
        <property name="consumePoolCoreSize" value="4"/>
        <!-- 自动消费重试次数，JCQ是异步消费逻辑，推给客户端的消息，交由消费线程池消费。默认值是3。正常消费失败之后才算重试，所以最多消费次数是consumeMaxRetryTimes + 1 -->
        <property name="consumeMaxRetryTimes" value="3"/>
        <!-- 客户端消费线程池队列数，从推送到消费之间能缓存多少个请求，默认值是1024 -->
        <property name="messageBufferSize" value="1024"/>
        <!-- ACK也是异步的，这里指回ACK请求的线程池的线程数量，默认值是2 -->
        <property name="ackPoolCoreSize" value="2"/>
        <!-- ACK 线程池队列数，默认值是1024 -->
        <property name="ackBufferSize" value="1024"/>
     </bean>

    <!-- global fifo 推送型消费者 -->
    <bean id="fifoConsumer" factory-bean="jcqClientFactory" factory-method="createGlobalFIFOConsumer">
        <constructor-arg ref="userCredential" />
        <constructor-arg ref="consumerConfig" />
    </bean>

</beans>