<?xml version="1.0" encoding="UTF-8"?>
<beans xmlns="http://www.springframework.org/schema/beans"
       xmlns:xsi="http://www.w3.org/2001/XMLSchema-instance"
       xmlns:context="http://www.springframework.org/schema/context"
       xsi:schemaLocation="http://www.springframework.org/schema/beans
       http://www.springframework.org/schema/beans/spring-beans.xsd
       http://www.springframework.org/schema/context
       http://www.springframework.org/schema/context/spring-context.xsd">

    <!-- jcq client工厂 -->
    <bean id="jcqClientFactory" class="com.jcloud.jcq.sdk.JCQClientFactory" factory-method="getInstance" />

    <!-- 用户身份信息 -->
    <bean id="userCredential" class="com.jcloud.jcq.sdk.auth.UserCredential">
        <!-- 用户accessKey -->
        <constructor-arg value="替换成用户实际AccessKey" />
        <!-- 用户secretKey -->
        <constructor-arg value="替换成用户实际SecretKey" />
    </bean>

    <!-- 拉取型消费者配置 -->
    <bean id="pullConsumerConfig" class="com.jcloud.jcq.sdk.consumer.PullConsumerConfig">
        <!-- 消费组id -->
        <property name="consumerGroupId" value="替换成订阅组1的consumeGroupId" />
        <!-- 元数据服务器地址 -->
        <property name="metaServerAddress" value="替换成topic的sdk接入点地址" />
        <!-- 启用消息轨迹,默认关闭 -->
        <property name="enableMessageTrace" value="true"/>
        <!-- 从哪里开始消费？ConsumeFromWhere.HEAD，ConsumeFromWhere.TAIL，默认值是HEAD。这个参数仅在第一次消费是起作用 -->
        <property name="defaultConsumePosition" value="HEAD"/>
        <!-- 一次请求从服务端拉去的消息数，默认是32 -->
        <property name="maxBatchSizePerPull" value="32"/>
        <!-- 自动重试次数，默认是3次。正常调用失败之后才算重试，所以最多调用次数是maxRetryTimes + 1 -->
        <property name="maxRetryTimes" value="3"/>

    </bean>

    <!-- 拉取型消费者 -->
    <bean id="pullConsumer" factory-bean="jcqClientFactory" factory-method="createPullConsumer" init-method="start" destroy-method="shutdown">
        <constructor-arg ref="userCredential" />
        <constructor-arg ref="pullConsumerConfig" />
    </bean>
</beans>