<?xml version="1.0" encoding="UTF-8"?>
<Configuration status="warn" name="jcq_demo" monitorInterval="30">
    <Properties>
        <Property name="log.dir">.</Property>
        
        <Property name="normal.schema">jcq-normal</Property>
        <Property name="normal.schema.version">1</Property>
        <Property name="normal.schema.patternLayout">%d{yyyy-MM-dd HH:mm:ss,SSS} %p ${normal.schema} ${normal.schema.version} %t %l -- %m%n</Property>

        <Property name="tcp.request.schema">jcq-tcp-request</Property>
        <Property name="tcp.request.schema.version">1</Property>
        <Property name="tcp.request.schema.patternLayout">%d{yyyy-MM-dd HH:mm:ss,SSS} %p ${tcp.request.schema} ${tcp.request.schema.version} %X{requestId} %X{requestCode} %X{peerAddress} %X{requestNumber} %X{request} -- %m%n</Property>

        <Property name="tcp.response.schema">jcq-tcp-response</Property>
        <Property name="tcp.response.schema.version">1</Property>
        <Property name="tcp.response.schema.patternLayout">%d{yyyy-MM-dd HH:mm:ss,SSS} %p ${tcp.response.schema} ${tcp.response.schema.version} %X{requestId} %X{responseCode} %X{peerAddress} %X{requestNumber} %X{response} -- %m%n</Property>

        <Property name="http.request.schema">jcq-http-request</Property>
        <Property name="http.request.schema.version">1</Property>
        <Property name="http.request.schema.patternLayout">%d{yyyy-MM-dd HH:mm:ss,SSS} %p ${http.request.schema} ${http.request.schema.version} %X{requestId} %X{httpMethod} %X{requestPath} %X{peerAddress} %X{xForwardFor} %X{request} -- %m%n</Property>

        <Property name="http.response.schema">jcq-http-response</Property>
        <Property name="http.response.schema.version">1</Property>
        <Property name="http.response.schema.patternLayout">%d{yyyy-MM-dd HH:mm:ss,SSS} %p ${http.response.schema} ${http.response.schema.version} %X{requestId} %X{responseCode} %X{peerAddress} %X{response} -- %m%n</Property>

        <Property name="event.schema">jcq-event</Property>
        <Property name="event.schema.version">1</Property>
        <Property name="event.schema.patternLayout">%d{yyyy-MM-dd HH:mm:ss,SSS} %p ${event.schema} ${event.schema.version} %t %l %X{eventSource} %X{eventType} %X{eventValue} -- %m%n</Property>

        <Property name="no.trace.schema">jcq-no-trace</Property>
        <Property name="no.trace.schema.version">1</Property>
        <Property name="no.trace.schema.patternLayout">%d{yyyy-MM-dd HH:mm:ss,SSS} %p ${no.trace.schema} ${no.trace.schema.version} -- %m%n</Property>

    </Properties>

    <Appenders>
        <Console name="STDOUT" target="SYSTEM_OUT">
            <PatternLayout charset="UTF-8">
                <MarkerPatternSelector defaultPattern="${normal.schema.patternLayout}">
                    <PatternMatch key="${tcp.request.schema}" pattern="${tcp.request.schema.patternLayout}"/>
                    <PatternMatch key="${tcp.response.schema}" pattern="${tcp.response.schema.patternLayout}"/>
                    <PatternMatch key="${http.request.schema}" pattern="${http.request.schema.patternLayout}"/>
                    <PatternMatch key="${http.response.schema}" pattern="${http.response.schema.patternLayout}"/>
                    <PatternMatch key="${event.schema}" pattern="${event.schema.patternLayout}"/>
                    <PatternMatch key="${no.trace.schema}" pattern="${no.trace.schema.patternLayout}"/>
                </MarkerPatternSelector>
            </PatternLayout>
        </Console>

        <RollingFile name="D" fileName="${log.dir}/testlogs.debug.log" filePattern="${log.dir}/testlogs.log.%d{yyyy-MM-dd}.%i" append="true">
            <Filters>
                <ThresholdFilter level="DEBUG"/>
            </Filters>
            <PatternLayout charset="UTF-8">
                <MarkerPatternSelector defaultPattern="${normal.schema.patternLayout}">
                    <PatternMatch key="${tcp.request.schema}" pattern="${tcp.request.schema.patternLayout}"/>
                    <PatternMatch key="${tcp.response.schema}" pattern="${tcp.response.schema.patternLayout}"/>
                    <PatternMatch key="${http.request.schema}" pattern="${http.request.schema.patternLayout}"/>
                    <PatternMatch key="${http.response.schema}" pattern="${http.response.schema.patternLayout}"/>
                    <PatternMatch key="${event.schema}" pattern="${event.schema.patternLayout}"/>
                    <PatternMatch key="${no.trace.schema}" pattern="${no.trace.schema.patternLayout}"/>
                </MarkerPatternSelector>
            </PatternLayout>
            <Policies>
                <TimeBasedTriggeringPolicy interval="1"/>
                <SizeBasedTriggeringPolicy size="5 GB"/>
            </Policies>
            <DefaultRolloverStrategy max="1000">
                <Delete basePath="${log.dir}" maxDepth="1">
                    <IfFileName glob="testlogs.log.*">
                        <IfAccumulatedFileCount exceeds="4"/>
                    </IfFileName>
                </Delete>
            </DefaultRolloverStrategy>
        </RollingFile>
        <RollingFile name="I" fileName="${log.dir}/testlogs.info.log" filePattern="${log.dir}/testlogs.log.%d{yyyy-MM-dd}.%i" append="true" immediateFlush="false" bufferedIO="true" bufferSize="32768">
            <Filters>
                <ThresholdFilter level="INFO"/>
            </Filters>
            <PatternLayout charset="UTF-8">
                <MarkerPatternSelector defaultPattern="${normal.schema.patternLayout}">
                    <PatternMatch key="${tcp.request.schema}" pattern="${tcp.request.schema.patternLayout}"/>
                    <PatternMatch key="${tcp.response.schema}" pattern="${tcp.response.schema.patternLayout}"/>
                    <PatternMatch key="${http.request.schema}" pattern="${http.request.schema.patternLayout}"/>
                    <PatternMatch key="${http.response.schema}" pattern="${http.response.schema.patternLayout}"/>
                    <PatternMatch key="${event.schema}" pattern="${event.schema.patternLayout}"/>
                    <PatternMatch key="${no.trace.schema}" pattern="${no.trace.schema.patternLayout}"/>
                </MarkerPatternSelector>
            </PatternLayout>
            <Policies>
                <TimeBasedTriggeringPolicy interval="1"/>
                <SizeBasedTriggeringPolicy size="5 GB"/>
            </Policies>
            <DefaultRolloverStrategy max="1000">
                <Delete basePath="${log.dir}" maxDepth="1">
                    <IfAny>
                        <IfLastModified age="1d"/>
                        <IfFileName glob="testlogs.log.*">
                            <IfAccumulatedFileCount exceeds="4"/>
                        </IfFileName>
                    </IfAny>
                </Delete>
            </DefaultRolloverStrategy>
        </RollingFile>
        <RollingFile name="W" fileName="${log.dir}/testlogs.warn.log" filePattern="${log.dir}/testlogs.log.%d{yyyy-MM-dd}.%i" append="true">
            <Filters>
                <ThresholdFilter level="WARN"/>
            </Filters>
            <PatternLayout charset="UTF-8">
                <MarkerPatternSelector defaultPattern="${normal.schema.patternLayout}">
                    <PatternMatch key="${tcp.request.schema}" pattern="${tcp.request.schema.patternLayout}"/>
                    <PatternMatch key="${tcp.response.schema}" pattern="${tcp.response.schema.patternLayout}"/>
                    <PatternMatch key="${http.request.schema}" pattern="${http.request.schema.patternLayout}"/>
                    <PatternMatch key="${http.response.schema}" pattern="${http.response.schema.patternLayout}"/>
                    <PatternMatch key="${event.schema}" pattern="${event.schema.patternLayout}"/>
                    <PatternMatch key="${no.trace.schema}" pattern="${no.trace.schema.patternLayout}"/>
                </MarkerPatternSelector>
            </PatternLayout>
            <Policies>
                <TimeBasedTriggeringPolicy interval="1"/>
                <SizeBasedTriggeringPolicy size="5 GB"/>
            </Policies>
            <DefaultRolloverStrategy max="1000">
                <Delete basePath="${log.dir}" maxDepth="1">
                    <IfFileName glob="testlogs.log.*">
                        <IfAccumulatedFileCount exceeds="4"/>
                    </IfFileName>
                </Delete>
            </DefaultRolloverStrategy>
        </RollingFile>

        <RollingFile name="E" fileName="${log.dir}/testlogs.error.log" filePattern="${log.dir}/testlogs.log.%d{yyyy-MM-dd}.%i" append="true">
            <Filters>
                <ThresholdFilter level="ERROR"/>
            </Filters>
            <PatternLayout charset="UTF-8">
                <MarkerPatternSelector defaultPattern="${normal.schema.patternLayout}">
                    <PatternMatch key="${tcp.request.schema}" pattern="${tcp.request.schema.patternLayout}"/>
                    <PatternMatch key="${tcp.response.schema}" pattern="${tcp.response.schema.patternLayout}"/>
                    <PatternMatch key="${http.request.schema}" pattern="${http.request.schema.patternLayout}"/>
                    <PatternMatch key="${http.response.schema}" pattern="${http.response.schema.patternLayout}"/>
                    <PatternMatch key="${event.schema}" pattern="${event.schema.patternLayout}"/>
                    <PatternMatch key="${no.trace.schema}" pattern="${no.trace.schema.patternLayout}"/>
                </MarkerPatternSelector>
            </PatternLayout>
            <Policies>
                <TimeBasedTriggeringPolicy interval="1"/>
                <SizeBasedTriggeringPolicy size="5 GB"/>
            </Policies>
            <DefaultRolloverStrategy max="1000">
                <Delete basePath="${log.dir}" maxDepth="1">
                    <IfFileName glob="testlogs.log.*">
                        <IfAccumulatedFileCount exceeds="4"/>
                    </IfFileName>
                </Delete>
            </DefaultRolloverStrategy>
        </RollingFile>

    </Appenders>

    <Loggers>
        <Root level="debug" includeLocation="true">
            <AppenderRef ref="D"/>
            <AppenderRef ref="I"/>
            <AppenderRef ref="W"/>
            <AppenderRef ref="E"/>
            <AppenderRef ref="STDOUT"/>
        </Root>
    </Loggers>
</Configuration>